Job_Title,Company,Summary,Salary,Job_ID,Rating
Estimator/Project Manager,WaypointKLA Inc.,ESTIMATOR for Owner's Project Management Company*.Primary role is as an Estimator/Cost/Plan Reviewer supporting the Company in providing quality control of…,"$100,000 - $140,000 a year",1,
Project Manager,Designer Advantage,"We are currently seeking professionals for project management and expediting, which entails managing all components in the process of ordering goods for clients…","$45,000 - $50,000 a year",2,
Clinical Project Manager,GENOSCO,Genosco is a clinical-stage biopharmaceutical company persuing the discovery and development of novel small-molecule drugs to treat patients with unmet medical…,,3,
,Jack Henry,Are you an eager project manager with digital banking experience?Are you someone who loves technical implementations and wants to continue to grow their skills…,,4,3.5
"Associate Director, Program Management","Ra Pharmaceuticals, Inc.","Experience in the drug development process including discovery, clinical, regulatory, CMC and commercial functions from early research candidates to late stage…","$150,000 - $200,000 a year",5,
Office Manager/Project Manager at dance studio,The Dance Academy,To assist our Director in all organization and planning.To implement systems and processes that will help the studio operate as smoothly and efficiently as…,$20 - $30 an hour,6,
Project Manager | Branding Agency | 3 Years Experience Requi...,Proverb Agency,"Like, a lot of them?Good. We’re looking for a multi-faceted, multi-talented, multi-everything Project Manager.",,7,
Project Management Associate,WeWork,WeWork is looking for a Project Management Associate (APM) to help maintain and facilitate project processes for Development of WeWork spaces.,,8,3.4
Project Manager,Warner Bros. Entertainment Group,Company Overview Warner Bros. has been entertaining audiences for more than 90 years through the world’s most-loved characters and franchises. Warner Bros.…,,9,4.2
"Associate Director, Project Management - Genetics",Merck,We are currently seeking an Associate Director to provide Project Management support for our Company's early discovery genetic and genomic efforts.,,10,4.1
"Associate, Technical Project Management",Santander Bank,"The Associate, Technical Project Management leads and motivates a team of professionals and is accountable for the overall schedule and quality of deliverable.",,11,3.6
Project Associate,MIT,Will coordinate relationships with partner organizations and assist with fieldwork logistics and research; assist with coordinating the work of research…,,12,4.2
"VP, Project Manager-Relationship Management",State Street,"Oversee, coordinate and drive delivery of the transformational change activities for two marquee client relationships and all transformation projects associated…",,13,3.5
Localization Project Manager,Lionbridge Technologies,Employee Sub-Group: Regular FT Salaried.Position Title: Localization Project Manager.Scope and quote projects for identified clients.,,14,3.4
Associate Management (Account/Project Management) - Boston I...,Digitas,"To connect with Digitas or learn more, visit www.digitas.com.Capability: Associate Management Intern (Account/Project Management).",,15,3.8
Project Manager (E-terra) - 200020,Bridgewater Consulting Group,"Plan, coordinate and manage the day-to-day execution of project activities within the constraints of scope, schedule, cost and quality.",$55 - $60 an hour,16,
Project Manager - Capacity Management Client Services,Massachusetts General Hospital(MGH),"The MGH/MGPO Practice Improvement Division is charged with optimizing and standardizing operations for MGH/MGPO ambulatory practices.Job Posting: Feb 3, 2020.",,17,4.3
Creative Project Manager,Gupta Media,"Experience managing and trafficking interactive, digital, print, OOH, and UX projects.Must have a Bachelor's degree and 3+ years of experience in a project…",,18,
Project Manager II,Liberty Mutual Insurance,"May also perform some project work, such as research and analysis.Manages projects that are non-cyclical and varied, aligning with the project management life…","$108,601 - $134,100 a year",19,3.6
Project Manager,BSA Construction & Development,Seeking Project Manager with a minimum of 5 years experience.Applicant should present a professional attitude both on and offsite.,,20,
Construction Project Manager- Min. 3 Years Exp.,Certified Property Management,"Job Title: CAPITAL PROJECTS MANAGER.The primary responsibility of the Capital Project Manager (CPM) is to provide project management oversight, guidance and…","$90,000 - $100,000 a year",21,3.0
,Liberty Mutual Insurance,"May also perform some project work, such as research and analysis.Manages projects that are non-cyclical and varied, aligning with the project management life…","$108,601 - $134,100 a year",22,3.6
"Associate Coordinator, Project Management",NATIONAL GRID CO USA (NE POWER),The Associate Coordinator role will support the technical and business teams in developing and deploying a new asset and work management solution to support…,,23,3.8
Project Management Specialist,Amadeus IT Group SA,"As part of Amadeus Hospitality Business Unit and Operations / Enterprise Program Delivery, the person will be part of the Methods, Tools, and Industrialization…",,24,4.1
"Senior Associate, Project Management",Digitas,"Our project work includes experience design and development, digital and social media campaigns, digital partnership activations and promotions, eCommerce and…",,25,3.8
"Project Manager, Exhibitions",MIT,"Will be responsible for the initial project scoping, the management of process and workflow across multiple projects, and the management of team communications…",,26,4.2
"Associate Director, Project Management",Digitas,"Our project work includes experience design and development, digital and social media campaigns, digital partnership activations and promotions, eCommerce and…",,27,3.8
Associate Project Manager,PTC,"As an Associate Project Manager, you will work in tandem with Sr.Project Managers to drive the successful completion and delivery of customer projects.",,28,3.7
Project Management Director,CBRE,"The purpose of this position is responsibility for project management services within an assigned geographic market, program or client account to achieve the…",,29,3.8
Director Project Management Office,Boston Children's Hospital,This Director Project Management Office shall be responsible for:Establishing the IS PMO organization as a center of excellence as well as providing strategic…,,30,4.2
Program Management Specialist,PTC,PTC seeks an accomplished senior program / project manager to support the growth of the company’s two largest experiential business units: Corporate Events …,,31,3.7
Clinical Research Project Manager,Boston Medical Center (BMC),"The Research Project Manager will be responsible for managing a research study(ies) inclding protocol design, implementation and tools required to satisfy a…",,32,3.9
Green Building Project Manager,"New Ecology, Inc.","New Ecology, Inc. is seeking candidates for the position of Project Manager in its Boston office.The Project Manager works with property owners and real estate…",,33,
Project Manager,New England Design + Construction,"New England Design & Construction is looking for an experienced Construction Project Manager to join our growing team.Salary: $55,000.00 to $65,000.00 /year.","$55,000 - $65,000 a year",34,
Project Manager,BSA Construction & Development,Seeking Project Manager with a minimum of 5 years experience.Applicant should present a professional attitude both on and offsite.,,35,
Lead Project & Program Management,Novartis,In this role as the lead for Project and Program Management you will be accountable for: providing a high level of expertise in Project and Program management;…,,36,4.1
Assistant Facilities Project Manager,Boston Children's Hospital,"In major medical breakthroughs and small acts of kindness.This Assistant Facilities Project Manager will be responsible for:To qualify, you must have:",,37,4.2
Project Coordinator,Harvard University,The Project Coordinator works closely with Professor Graham Allison and provides administrative support in:Assisting in preparation for business travel.,,38,4.3
Project Manager - Population Health Management,Partners HealthCare(PHS),Conduct best-practice research and ad-hoc analysis for quality improvement initiatives.Population Health Management (PHM) is an innovative model of care…,,39,3.9
Project Management Intern - Summer 2020,Consigli Construction Co Inc,"Assist and support Project Engineers, Project Managers and Superintendents on assigned projects.The Project Management Intern must be a flexible and adaptable…",,40,4.1
"Associate Director, Project Management",Velir,Manage and mentor a team of 2-3 Digital Producers.Bachelor’s Degree as well as 8+ years of relevant digital project management experience working in a…,,41,3.8
"Associate Director, Project Management","Alexion Pharmaceuticals,Inc.","Partners with team functional leads/delegates to ‘pressure-test’ assumptions and integrate planning across development into the overall project plan, (e.g.…",,42,3.6
Construction Project Manager,Confidential,Commercial General Contractor seeks full charge office based Project Manager with a minimum of five years experience.,,43,
"Project Manager I, Ambulatory Management - Process Improveme...",Massachusetts General Hospital(MGH),"THE MGH/MGPO Practice Improvement Division is charged with optimizing and standardizing operations for MGH/MGPO ambulatory practices.Job Posting: Feb 3, 2020.",,44,4.3
Project Manager,Harvard University,The PM will partner effectively with project sponsors (senior academic and administrative leaders) and work with teams to ensure that value is realized.,$40 per class,45,4.3
Project Manager /40 hrs. Day/Department of Psychiatry,Brigham & Women's Hospital(BWH),"Manages new hire HR processes for both BWH and BWPO Clinical and Research hires.Summarize the nature and level of work performed.Job Posting: Jan 27, 2020.",,46,4.1
Project Management Specialist,BioAgilytix,BioAgilytix is a leading contract research organization (CRO) that specializes in large molecule bioanalysis.Assist in tracking and resolution of deviations.,,47,3.3
"Associate Project Manager, Construction",CBRE,"The purpose of this position is to lead individual, multi-disciplined real estate project solutions for clients, with direct accountability for project delivery…",,48,3.8
Sr. Iteration Manager / Project Manager,Magellan Health,Looking for a Sr. Iteration Manager / Project Manager with the below responsibilities in mind:Drives to successful completion multiple high profile new…,,49,3.5
"Dir, DOCS Program Management",Icon plc,"About the Director, Global Program Management (GPM).Director GPM will report into the VP, Global Program Management and will oversee one or more Programs of…",,50,3.5
Brand Strategist/Project Manager,Stantec,"Working in tandem with our creative director, you’ll help clients make sense of their challenges, create messaging that helps differentiate them for their…",,51,3.7
Heller Anniversary Project Manager,Brandeis University,"Ensure final content has been approved by Dean Weil.With the Heller School Communications Department, select graphic designer and print methodology.",,52,4.4
Project Manager,Superdigital,"Partner with project teams including Strategy, Creative, Account, Media and fulfillment to ensure that projects are carefully planned to deliver against client…",,53,3.2
Project Coordinator,Massachusetts General Hospital(MGH),"Working collaboratively with the Program and Clinical Directors for the Thoracic Oncology program, the CORE program, and the Administrative Manager, the Project…",,54,4.3
Sr Project Mgr,Amgen,"They will partner with technical leads to identify key deliverables, ensure cross functional alignment, and execute plans.",,55,4.1
Telecomm Project Manager - 200016,Bridgewater Consulting Group,Senior Project Manager to manage the transition of telecommunication systems and assets in 300 – 350 Substations to a managed services model for a large utility…,$60 - $70 an hour,56,
"Associate Director, Project Management",Black Diamond Therapeutics Inc.,Black Diamond targets undrugged mutations in patients with genetically defined cancers for whom limited treatment options currently exist.,,57,
"Project Manager- EPFR, Informa Financial Intelligence| Cambr...",Informa,"Project Manager- EPFR, Informa Financial Intelligence| Cambridge, MA*.Informa’s Financial Intelligence division is looking for a Project Manager to join their…",,58,3.6
Project Manager,Veya,"Full-Time in Boston, MA - Project Manager.We seek a candidate with a strong quantitative and leadership skills who is comfortable in a fast-paced, high-growth…",,59,5.0
Project Manager,Steward Health Care,"The work of the project manager will focus on coordination of work plans, research and data analysis as well as development of strategic initiatives to support…",,60,2.9
Research Project Manager,Boston Medical Center (BMC),The Research Project Manager will report to the Associate Director of Research Operations.The Research Project Manager is accountable for leading a team of…,,61,3.9
Asst. Superintendent / Project Engineer,"Architectural Environments, Inc.","Positions available for an established, progressive G/C in high-end commercial and bio-pharmaceutical construction in the Greater Boston area.",,62,
Project Manager - Luxury Kitchen,SieMatic,As well taking jobsite deliveries and supporting our clients with the kitchen installation.Provide all documentation for project installation execution.,,63,
Global Medical Affairs Project Manager,Arindhaal,"6 months with possibility of extension.Function: Global Medical Affairs Operations.The Operations Manager will provide organizational development,…",$45 - $50 an hour,64,
Project Manager,Resonant Energy,"The Team is responsible for analyzing the solar and financial viability of all leads, building and managing a network of installation and finance partners,…","$50,000 - $60,000 a year",65,
Project Manager,Tufts Medical Center,"The Project Manager will be a member of the Center for the Evaluation of Value and Risk in Health (CEVR), within the Institute for Clinical Research and Health…",,66,3.8
Project Manager,Massachusetts General Hospital(MGH),"Receiving general direction from the MGH Cancer Center Senior Administrative Director, the Operations and Project Manager is responsible for the oversight and…",,67,4.3
Program Manager,Wentworth Institute of Technology,"Works closely with the Director of New Program Development to support Workforce Training, Partnership and Corporate Training programs including: Community…",,68,4.1
Sr. Project Manager,"Epiq Systems, Inc.",Take point on research efforts for client issues and provide continued communication to client and internal stakeholders.,,69,3.2
Project Management Specialist,Emerson,"Job Posting Date: Jan 27, 2020, 4:14:07 PM.The Project Management Specialist will be responsible for administering and maintaining the project schedule and any…",,70,3.9
"Global Onboarding Project Manager, Americas",TMF Group,TMF is looking for a Global Onboarding Project Manager to join our growing team.A key part of TMF’s Global Business Services for multi-jurisdictional clients…,,71,3.5
Project Manager,FINEOS Corporation,"As a project manager, you will be responsible for the success of the complete project - from needs assessment to the delivery of the solution.",,72,
"Project Manager II - Process Improvement, Change Management",Massachusetts General Hospital(MGH),"Research, apply and communicate best practices.Partner with practice leaders to monitor and evaluate project implementation and any post-project needs, such as…",,73,4.3
Creative Project Manager,Gupta Media,"Experience managing and trafficking interactive, digital, print, OOH, and UX projects.Must have a Bachelor's degree and 3+ years of experience in a project…",,74,
Green Building Project Manager,"New Ecology, Inc.","New Ecology, Inc. is seeking candidates for the position of Project Manager in its Boston office.The Project Manager works with property owners and real estate…",,75,
Project Manager,New England Design + Construction,"New England Design & Construction is looking for an experienced Construction Project Manager to join our growing team.Salary: $55,000.00 to $65,000.00 /year.","$55,000 - $65,000 a year",76,
Project Manager - Luxury Kitchen,SieMatic,As well taking jobsite deliveries and supporting our clients with the kitchen installation.Provide all documentation for project installation execution.,,77,
Construction Project Manager 5 + yrs exp req,"Bilt-Rite Construction, Inc.","Well established Boston area GC seeks Project Manager for multi-unit restorations, commercial and new construction in the $10M to $35M range.",,78,
Sr Project Manager (Admin),Boston Children's Hospital,In major medical breakthroughs and small acts of kindness.This Sr. Project Manager will be responsible for:Serving as in-house process improvement consultant…,,79,4.2
Project Manager- Pembroke Real Estate,Fidelity Investments,"Pembroke is an international real estate advisor that acquires, develops and manages properties and places – specializing in mixed-use and office environments…",,80,4.1
"Associate Project Manager, Health Systems",American Well,"This individual will partner with and support the Project and Account Managers to drive a successful implementation of the American Well telehealth platform,…",,81,3.8
Project Managers,Northern Light,"Full 100% company-paid health benefits (Medical, Dental, Vision) with Tufts, a top insurance provider.Generous PTO including three weeks of vacation, ten…",,82,3.8
Legal Project Manager,Ropes & Gray,"The legal project manager is responsible for helping to drive Legal Project Management (LPM) at Ropes & Gray.In collaboration with partners and clients, define…",,83,3.7
Project Engineer-Entry Level -- May 2020 start,Consigli Construction Co Inc,"Coordinate all shop drawings, processing submittals, and gathering and distributing information.The Project Engineer will support the management and field…",,84,4.1
"Project Manager, Client Experience",NASDAQ,This position will also assist in implementing and maintaining new technology to help our Service team better deliver a world-class client experience to our…,,85,3.8
Assistant Project Manager,Northeastern University,The Assistant Project Manager (APM) will have a broad set of skill within the realm of project delivery from planning through project completion.,,86,4.3
Project Manager,Beth Israel Deaconess Medical Center,Department Description: This role is providing project management support on the Strategic Analysis team for Beth Israel Lahey Health.,,87,4.0
Senior Project Manager- Healthy Start,"National Institute for Children's Health Quality,...",Senior Project Manager – Supporting Healthy Start Performance Project.The Senior Project Manager is responsible for the day-to-day oversight and management of…,,88,
Project Manager / 40hrs / Allergy / 3115555,Brigham & Women's Hospital(BWH),"Project Manager – Fellowship Education Program and Grants Administration.With oversight and direction from the Program Director, the Division Chief and…",,89,4.1
Project Manager,Northeastern University,"| Research architect, engineers, and other consultants active in the site-specific city; review collateral material and interview as required.",,90,4.3
Business Development/Project Manager,"Netvirta, Inc.","Through marketing research and direct meetings with potential partners, understand their strategy, key decision-makers, organizational structure, and go-to…",,91,
Project Manager I,CDM Smith,"Creates project definitions, schedules, budgets and objectives for projects.Prepares detailed statements of work with associated work breakdown structures and…",,92,3.8
Project Manager,Quinyx,Do you have what it takes?You will be based in our newly opened Boston office and the US team is rapidly expanding.May the Workforce be with you!,,93,
Technical Project Manager,Kymanox,"Our corporate HQ is based in Research Triangle Park, NC, and we have offices in Boston, Chicago, and New Jersey.FDA 483 and Warning Letter Remediation.",,94,
"Director, R&D Project Management Office",Takeda Pharmaceuticals,"By clicking the “Apply” button, I understand that my employment application process with Takeda will commence and that I agree with Takeda’s Privacy Notice,…",,95,3.8
IT Project Management (Co-op),Retail Business Services,"It provides these great local brands with the following types of core services:Quincy, MA and Salisbury, NC.Tracking and managing issues and risks.",,96,4.0
Project Manager,Homesite Insurance,"As a member of IT Operations, this person will partner with a Technical Analyst to collect requirements and prioritize for the Development and QA teams to…",,97,3.1
Project Manager,SIC Drone,"SICdrone is a funded startup associated with the U.S. Air Force, that designs unmanned systems to accommodate the defense, energy, transport, and space…","$70,000 - $110,000 a year",98,
Junior Implementation Project Manager,Digital Science,The BioRAFT application is used in research centers around the world.BioRAFT is a fast growing SaaS platform for the management of laboratory safety and…,,99,
"Project Manager, Client Experience",NASDAQ,"Nasdaq is looking for a Client Experience Project Manager to help take our existing internal core systems to the next level through advancing process,…",,100,3.8
VP/Director of Project Management,Janeiro Digital,We are looking for an experienced manager who is able to operate as both a team lead for project management (50% allocation) and an independent contributor (50%…,,101,5.0
Associate Project Manager - Product Development,The Boston Beer Company,This job contributes to Boston Beer Company’s success by the development and facilitation of end-to-end execution of new alcohol beverage products and Point-of…,,102,3.7
"Director, CMC-Project Management",Corbus Pharmaceuticals,"The Director, CMC-Project Management provides comprehensive project management support for internal, cross-functional teams to ensure clarity of strategy, to…",,103,
Senior Project Manager- Healthy Start,"National Institute for Children's Health Quality,...",The Senior Project Manager is responsible for the day-to-day oversight and management of all activities within the Supporting Healthy Start Performance Project …,,104,
"Project Management Specialist, Financial Operations",Wayfair,"Strategic partner for cross-functional groups, facilitate visibility into COGS, partner on new Wayfair initiatives, and strengthen internal and external…",,105,3.2
Project Manager,Autodesk,"Under the leadership of the Senior Manager of Business Planning & Operations, the candidate will manage internal projects, will help maintaining the…",,106,4.1
Project Design Controls Specialist,AECOM,"This is not a construction position.Qualified applicants will have experience in MBTA, (MassDOT, Massport, Boston a plus) project systems, invoicing,…",,107,3.7
Creative Production Project Manager,Brafton,A Brafton Creative Production Project Manager works with Brafton's Account Management and Creative Production teams to organize and facilitate the successful…,,108,3.4
Internship Program - Boston Region 2019 - 2020,Walsh Construction,"Walsh Interns/Co-ops are easy to follow because they speak with precision, order and efficiency.As a fourth generation family owned business, Walsh recruits…",,109,4.0
Asst. Superintendent / Project Engineer,"Architectural Environments, Inc.","Candidate will assist in management and estimating of all trades for multiple, face-paced projects.Participate in continuous improvement and implementation of…",,110,
Project Manager,BSA Construction & Development,"Seeking Project Manager with a minimum of 5 years experience.Must be willing to take direction, troubleshoot jobsite issues as they arise, and work alongside…",,111,
Green Building Project Manager,"New Ecology, Inc.",New Ecology offers competitive salaries with excellent benefits in a collaborative and supportive work environment.Writing reports and case studies; and.,,112,
Estimator/Project Manager,WaypointKLA Inc.,"Primary role is as an Estimator/Cost/Plan Reviewer supporting the Company in providing quality control of contract documents as prepare by the Design Team., as…","$100,000 - $140,000 a year",113,
Project Manager,New England Design + Construction,This position is responsible for overseeing 2-4 high-end residential remodeling projects and will be managing subcontractors as well as a team carpenter.*.,"$55,000 - $65,000 a year",114,
Agile Project Manager,Software Quality Associates,We are looking for an Agile Project Manager to join our client’s ServiceNow team to assist with product ownership tasks and backlog maintenance duties.,,115,
Project Management,InCrowd,Understand and research target audience and sampling to accurately address clients research objective and goals.,,116,
Program Manager,Future of Life Institute,"The winners in 2017 and 2018 helped prevent nuclear war in 1962 and 1983, and the 2019 winner helped prevent a bioweapon arms race.",$25 an hour,117,
Implementation Project Manager I,BioRAFT,The BioRAFT application is used in research centers around the world.BioRAFT is a fast growing SaaS platform for the management of laboratory safety and…,,118,
HRIT Project Manager,Northeastern University,"In short, HRM’s purpose is to make it easy to come to Northeastern and easy to be at Northeastern.To meet the challenges of the university’s continued growth…",,119,4.3
"Project Manager - Data Management & Administration, VP",State Street,"Build and advocate for business cases to win management, stakeholder and partner “buy-in”.The Business Process Management, Reference Data Strategy & Data…",,120,3.5
Senior Associate Project Management,Pfizer,A Senior Associate Project Manager role is available within the Project and Portfolio Management Group in the Pfizer Biotherapeutics Pharmaceutical Sciences…,,121,4.2
Project Manager II,Broad Institute,The emerging next phase of human genetics will focus on elucidating biological and phenotypic translation of significant disease-associated variants identified…,,122,4.1
Labeling Project Manager,Infotree Service Inc,"The Labeling Project Manager is responsible for all activities associated with the development, creation and execution of labeling for assigned product lines…",,123,3.6
Vice President of Technology Program Management Office,Vertex Pharmaceuticals,"Deep knowledge of Project Management in Digital, Professional or Technology Services.The VP, Technology Program Management Office will be the key leader to…",,124,3.7
Production – Project Manager,Place. Staffing LLC,"Collaborate with creative to identify graphic opportunities, capture them, and help traffic the work from creative through to onsite installation.",,125,
"Senior Program Manager, Project Management",NATIONAL GRID CO USA (NE POWER),"National Grid is hiring a Senior Program Manager for our Project Management department in Waltham, MA.The role is responsible for supporting the development,…",,126,3.8
Digital Project Manager,Boston Digital,"Boston Digital is seeking an energetic, self-motivated Digital Project Manager to join our talented team.Digital Project Managers work collaboratively with…",,127,
Scrum Master,Invicro,Invicro’s mission is to develop smarter drug discovery programs and we are currently seeking an energetic Scrum Master to be part of a highly motivated and…,,128,4.4
FedNow PMO Senior Project Manager,Federal Reserve Bank of Boston,This individual will partner with the execution division to track program and project status effectively.FedNow PMO Senior Project Manager-262468.,,129,4.0
Project Manager- Professional Billing Office,Massachusetts General Hospital(MGH),The MGPO Professional Billing office is affiliated with Massachusetts General Hospital in Boston Massachusetts.Strategize and determine client objectives.,,130,4.3
Senior Manager Project Management,Vertex Pharmaceuticals,"Successfully partnering with diverse functional areas to understand cross-functional inputs and interdependencies for drug development including, but not…",,131,3.7
Project Manager for Information Technology,WGBH Educational Foundation,The Project Manager is responsible for managing projects across WGBH.The ideal candidate is highly strategic and able to lead critical projects spanning…,"$75,000 - $80,000 a year",132,3.9
"Sr Project Manager, Project Management Organization",Ascensus,"A Senior Project Manager is responsible for managing initiatives that increase in size and complexity, such as leading enterprise-wide initiatives, to…",,133,3.2
"Creative Services Project Manager, US Corporate Affairs",Biogen,"Ability to partner with external agencies for each brand as needed.The Creative Service Project Manager, US Corporate Affairs oversees the execution of all US…",,134,4.0
Communications Project Manager,Harvard University,"The manager serves as the team’s lead project manager and works closely with internal clients, designers, and external vendors to develop effective print and…",,135,4.3
Localization Project Manager,SimulTrans,"SimulTrans is seeking a Project Manager in our Boston, Massachusetts office located in Newton.Minimum of 2 years of project management experience required.",,136,4.6
Project Manager,"Loring, Wolcott & Coolidge Trust, LLC","Partner with business units, systems infrastructure team, and application developers in the communication of required functionality of new systems or enhanced…",,137,3.8
Project Manager | Branding Agency | 3 Years Experience Requi...,Proverb Agency,"Like, a lot of them?Good. We’re looking for a multi-faceted, multi-talented, multi-everything Project Manager.",,138,
Senior Project Manager,Related Companies,"For more information about Related, please visit www.related.com.",,139,3.2
BWPO Project Manager / 40 Hours / Day / Needham Brigham Care...,Brigham & Women's Hospital(BWH),"Reporting to the Brigham and Women’s Physicians Organization (BWPO) Program Director for Care Innovation, the Project Manager is an integral role on the Brigham…",,140,4.1
Project Specialist,Partners HealthCare(PHS),"The ServiceNow team is responsible for the development, implementation, maintenance, and enhancement of all service management processes and functions of the…",,141,3.9
"Project Manager, Staples.com Business Performance Management",Staples,"We are looking for a proactive, highly analytical self-starter to help drive results on Staples.Com.A person who is successful in this position on the Business…",,142,3.5
"Project Manager, Medical Affairs Operations",Sanofi,"Partner with the strategy, marketing, and medical teams to share key insights gained from advisory boards and help ensure pull through into brand and tactical…",,143,4.1
Project Manager,"CISCRP, Inc.",The Project Manager is responsible for lay language summaries in the Health Communication Services Department.Preparing project plans and budgets.,,144,
Vice President - Program Management - Shark,SharkNinja Operating,"The Program Management Office (PMO) at SharkNinja owns the entire product development process from concept to shelf.High energy, with a positive attitude.",,145,3.2
Engineers/Project Managers,Div of Capital Planning & Oper (DPC3000),"DCAMM’s Office of Design and Construction is seeking Contractor Resident Engineers/ Clerk of Works to monitor various Public construction projects statewide,…",$31.02 - $38.09 an hour,146,4.0
Assistant Project Manager,Partners HealthCare(PHS),Manage the design and installation of building signage and wayfinding.Coordinate the delivery and installation of furniture and medical equipment including…,,147,3.9
Project Controls Specialist - Boston,Value Management Strategies,We have an exciting opportunity for a Project Controls Specialist that will primarily focus on our clients in the Greater Boston area.,,148,
,"Bilt-Rite Construction, Inc.","Well established Boston area GC seeks Project Manager for multi-unit restorations, commercial and new construction in the $10M to $35M range.",,149,
Project Manager,Human Resources Division,"Through the transformation, HRD will establish its capacity to act as an innovative business partner, known for strategic management in areas of workforce…","$100,000 - $128,347 a year",150,4.0
"Senior Associate, Technical Project Management",Santander Bank,"Senior Associate, Technical Project Management-2000207.The Sr. Associate, Technical Project Management, leads and provides direction and guidance for a wide…",,151,3.6
Project Manager,Perkins School for the Blind,"We are seeking an experienced, driven, energetic, collaborative Project Manager to join our College Success@Perkins team, and help change lives!",,152,4.0
TeleNeurology Project Manager,Massachusetts General Hospital(MGH),"Draft, send, and manage business development proposals for TeleNeurology services at (potential) client hospitals.Primary Location: MA-Boston-MGH 125 Nashua.",,153,4.3
Senior Legal Project Management Specialist,Ropes & Gray,The senior LPM specialist is responsible for driving Legal Project Management (LPM) within a particular practice group at Ropes & Gray under the leadership of a…,,154,3.7
Project Manager,"Canon Business Process Services, Inc.",Ability to manage digital inventory database.Canon Business Process Services currently has an exciting opportunity for experienced Project Manager.,,155,3.2
Assistant Project Manager - Boston,"Suffolk Construction Company, Inc.","This individual is also responsible for submitting for building permits, planning revision submissions to municipalities; collaborating with Counsel on contract…",,156,4.0
Green Building Project Manager,"New Ecology, Inc.","New Ecology, Inc. is seeking candidates for the position of Project Manager in its Boston office.The Project Manager works with property owners and real estate…Retirement PlanA retirement savings plan sponsored by an employer which allows employees to invest a portion of their paycheck before taxes are taken out.HVACExperience with the design, installation, maintenance, or repair of HVAC (heating, ventilation, and air conditioning) systems. Professional Development AssistanceCoverage for professional development such as training, certifications, and education to support an employee's career goals.+6 moreFull-timeAn employee will work full time.LEED CertificationA certification awarded by USGBC (United States Green Building Council) upon passing an exam regarding the building and development sustainability specifications outlined by USGBC.Paid Time OffPaid time off from work.Dental InsuranceHealth insurance specifically for dental which may cover teeth cleanings and cavity fillings.Construction ManagementExperience related to planning and managing construction projects and processes such as scheduling, budgeting, or ensuring compliance.Health InsuranceA type of insurance that covers the whole or part of an insured person's medical expenses.",,157,
"Senior Manager, Project Management",SessionM,"SessionM, a Mastercard Company, is seeking a Senior Manager, Project Management with a proven track record in managing the implementation of complex, multi…401(k)A retirement savings plan sponsored by an employer which allows employees to invest tax-deferred, pre-tax or post-tax contributions. Employers may offer matching or non-elective contributions on behalf of employees as an additional benefit. Project ManagementSkills or experience related to project management. Project management includes planning, executing, and monitoring projects in order to meet requirements while controlling budget, scope, and timeline.Health InsuranceA type of insurance that covers the whole or part of an insured person's medical expenses.+1 moreSDLCExperience with software development methodologies and models designed to alter or develop software products.",,158,3.5
"Manager, Project Management",Bright Horizons Family Solutions,"Works closely with the Director, Professional Services to provide day-to-day management of the consulting services delivery team.HDI CertificationA range of certifications awarded by the HDI (Help Desk Institute) to professionals working in support occupations.TravelA job that requires travel.ITILKnowledge of information technology service management standards established by the Information Technology Infrastructure Library (ITIL) published by AXELOS.+12 moreProject ManagementSkills or experience related to project management. Project management includes planning, executing, and monitoring projects in order to meet requirements while controlling budget, scope, and timeline.Disability FriendlyIndividuals with disabilities are encouraged to apply.Team ManagementExperience providing direction to a team of employees.Analysis SkillsSkill at using mental reasoning or research to gain insight into or solve problems.Leadership ExperienceExperience providing direction to individuals in any environment.Communication SkillsExperience or skill effectively exchanging and understanding information, verbally or in writing.Bachelor's DegreeDegree awarded to students by universities or colleges at the completion of an undergraduate, post-high school course of study.JiraIssue tracking and project management software by Atlassian.NetSuiteERP (Enterprise Resource Management) software from Oracle.Organizational SkillsAbility to organize workload, processes, or physical objects and spaces.Master's DegreeDegree awarded to students by universities or colleges at the completion of a post-bachelor's degree course of study. A Master's Degree is considered more advanced than a bachelor's degree. May be awarded as part of a PhD.NegotiationSkill or experience with negotiation, typically in a business, financial, or legal context.",,159,3.5
Digital / Creative Project Manager,Place. Staffing LLC,"Looking for a talented, multi-tasking Project Manager with agency experience to come on board to help facilitate the workflow of creative digital projects.Microsoft ProjectProject management software.Adobe Creative SuiteA software suite of Adobe Systems applications for designing and editing creative content such as graphics, websites, videos, and photographs.Microsoft OfficeSuite of software including Powerpoint, Word, Excel, and Outlook.+3 moreAnalysis SkillsSkill at using mental reasoning or research to gain insight into or solve problems.Communication SkillsExperience or skill effectively exchanging and understanding information, verbally or in writing.Project ManagementSkills or experience related to project management. Project management includes planning, executing, and monitoring projects in order to meet requirements while controlling budget, scope, and timeline.",,160,
Assistant Project Manager,"Hill International, Inc","Ability to manage multiple projects.Coordinate Architect/Engineers, contractors and respective contracts.Coordinate schedule and budget information and must…Bachelor's DegreeDegree awarded to students by universities or colleges at the completion of an undergraduate, post-high school course of study.",,161,4.1
Project Manager,Compunnel Infopro,"We are looking for a responsible Project Coordinator to administer and organize medical device projects, from simple activities to more complex plans.DevOpsSkill or experience in the agile relationship and processes between software development and IT operations to improve communication and collaboration.PMPA certification for project managers awarded by PMI (Project Management Institute).AzureA cloud computing platform developed by Microsoft.+7 moreTime ManagementExperience or skill managing time in order to complete tasks quickly and efficiently. Microsoft ProjectProject management software.Project ManagementSkills or experience related to project management. Project management includes planning, executing, and monitoring projects in order to meet requirements while controlling budget, scope, and timeline.Communication SkillsExperience or skill effectively exchanging and understanding information, verbally or in writing.Quality AssuranceExperience with methods and processes used to monitor the production of a product or service in order to maintain a desired level of quality.Project CoordinationSkills or experience related to project coordination. Project coordination generally focuses more on day-to-day tasks and less on high-level planning, scheduling, or budgeting.FDA RegulationsKnowledge of the federal regulations related to the public health impact of goods in the United States as established by the FDA (Food & Drug Administration).",$50 - $55 an hour,162,
Project Manager,Planon,"Are you the resourceful project manager we are looking for?As a Project Manager, you manage a set of clients and keep a keen eye on the relevant developments…TravelA job that requires travel.Microsoft OfficeSuite of software including Powerpoint, Word, Excel, and Outlook.Health InsuranceA type of insurance that covers the whole or part of an insured person's medical expenses.+4 moreMicrosoft ProjectProject management software.Project ManagementSkills or experience related to project management. Project management includes planning, executing, and monitoring projects in order to meet requirements while controlling budget, scope, and timeline.Communication SkillsExperience or skill effectively exchanging and understanding information, verbally or in writing.B2B SalesExperience in selling goods or services to a business as opposed to a single consumer.",,163,
Project Manager - Lesley University,Lesley University,"Works with Asst. Director of Research to summarize and distribute research results.Manage Sharepoint site for faculty and participants to share digital assets…Supervising ExperienceExperience supervising personnel in a professional setting.SharePointA web-based document management, storage, and collaboration platform developed by Microsoft.Administrative ExperienceExperience in office organization or non-specialized business operations.+6 moreCustomer ServiceSkill or experience assisting customers before, during, and after purchases to satisfy customer needs.Management ExperienceExperience managing personnel in a professional setting.TravelA job that requires travel.Microsoft OfficeSuite of software including Powerpoint, Word, Excel, and Outlook.Communication SkillsExperience or skill effectively exchanging and understanding information, verbally or in writing.Bachelor's DegreeDegree awarded to students by universities or colleges at the completion of an undergraduate, post-high school course of study.",,164,4.2
Translation Project Manager,SAI Global Inc,"SAI Global provides organizations around the world with information services and solutions for managing risk, achieving compliance and driving business…Communication SkillsExperience or skill effectively exchanging and understanding information, verbally or in writing.Bachelor's DegreeDegree awarded to students by universities or colleges at the completion of an undergraduate, post-high school course of study.HTML5Hypertext Markup Language (HTML) is the standard language for building web pages and applications. HTML5 is the fifth version.+2 moreProject ManagementSkills or experience related to project management. Project management includes planning, executing, and monitoring projects in order to meet requirements while controlling budget, scope, and timeline.Analysis SkillsSkill at using mental reasoning or research to gain insight into or solve problems.",,165,3.4
Project Manager,ERT,"Join ERT - Boston as a Project Manager, where you will be responsible for directing and managing services for delivering the highest quality eCOA (eClinical…TravelA job that requires travel.Disability FriendlyIndividuals with disabilities are encouraged to apply.Microsoft OfficeSuite of software including Powerpoint, Word, Excel, and Outlook.+5 moreBachelor's DegreeDegree awarded to students by universities or colleges at the completion of an undergraduate, post-high school course of study.Time ManagementExperience or skill managing time in order to complete tasks quickly and efficiently. Project ManagementSkills or experience related to project management. Project management includes planning, executing, and monitoring projects in order to meet requirements while controlling budget, scope, and timeline.Communication SkillsExperience or skill effectively exchanging and understanding information, verbally or in writing.Clinical TrialsExperience with or knowledge of the regulations, administration, principles, and practice of clinical trials.",,166,3.3
New Initiatives Program Manager,"Sonos, Inc","You look forward to collaborating with a diverse team of individuals.You prioritize long-term value over short-term objectives.AgileKnowledge of or experience managing projects in incremental iterations to continually maximize flexibility and efficiency of a process.Program ManagementExperience with program management. Program management may include planning or managing multiple related projects or initiatives, or improving organizational efficiency and outcomes.Disability FriendlyIndividuals with disabilities are encouraged to apply.+1 moreEmailPotential candidates may apply by email.",,167,3.9
Creative Project Manager,Gupta Media,"Experience managing and trafficking interactive, digital, print, OOH, and UX projects.Must have a Bachelor's degree and 3+ years of experience in a project…Account ManagementSkill or experience managing business relationships and sales for organisations.Project Management SoftwareProject management software including cost estimation, scheduling, and organization features.Full-timeAn employee will work full time.+3 moreProject ManagementSkills or experience related to project management. Project management includes planning, executing, and monitoring projects in order to meet requirements while controlling budget, scope, and timeline.Bachelor's DegreeDegree awarded to students by universities or colleges at the completion of an undergraduate, post-high school course of study.Microsoft OfficeSuite of software including Powerpoint, Word, Excel, and Outlook.",,168,
Project Manager,Designer Advantage,"We are currently seeking professionals for project management and expediting, which entails managing all components in the process of ordering goods for clients…Full-timeAn employee will work full time.Health InsuranceA type of insurance that covers the whole or part of an insured person's medical expenses.Management ExperienceExperience managing personnel in a professional setting.+3 more401(k)A retirement savings plan sponsored by an employer which allows employees to invest tax-deferred, pre-tax or post-tax contributions. Employers may offer matching or non-elective contributions on behalf of employees as an additional benefit. Project ManagementSkills or experience related to project management. Project management includes planning, executing, and monitoring projects in order to meet requirements while controlling budget, scope, and timeline.Bachelor's DegreeDegree awarded to students by universities or colleges at the completion of an undergraduate, post-high school course of study.","$45,000 - $50,000 a year",169,
,Liberty Mutual Insurance,"May also perform some project work, such as research and analysis.Manages projects that are non-cyclical and varied, aligning with the project management life…Financial ModelingExperience or knowledge of performing various types of financial modeling.Financial Report WritingExperience collecting, analyzing, and compiling financial information in a report for internal or external stakeholders.","$108,601 - $134,100 a year",170,3.6
Project Manager,New England Design + Construction,"New England Design & Construction is looking for an experienced Construction Project Manager to join our growing team.Salary: $55,000.00 to $65,000.00 /year.Monday to FridayA work schedule that covers Monday through Friday.Full-timeAn employee will work full time.Paid Time OffPaid time off from work.+13 morePMPA certification for project managers awarded by PMI (Project Management Institute).Driver's LicenseA license to drive a motor vehicle, awarded upon passing a driver's exam and meeting other state requirements for training.Construction ExperienceSkill or experience performing duties related to the construction or renovation of buildings, utilities, roads, or other civil, commercial, or residential infrastructure.Organizational SkillsAbility to organize workload, processes, or physical objects and spaces.Health InsuranceA type of insurance that covers the whole or part of an insured person's medical expenses.ExcelSpreadsheet software developed by Microsoft.Bachelor's DegreeDegree awarded to students by universities or colleges at the completion of an undergraduate, post-high school course of study.Project ManagementSkills or experience related to project management. Project management includes planning, executing, and monitoring projects in order to meet requirements while controlling budget, scope, and timeline.Microsoft WordWord processing software.Clean Driving RecordNumber of accidents or moving violations on driving record should not exceed employer's standards.Communication SkillsExperience or skill effectively exchanging and understanding information, verbally or in writing.Microsoft ProjectProject management software.Yearly BonusA monetary bonus compensating an employee beyond normal wages given once during the work year.","$55,000 - $65,000 a year",171,
Project Manager - Luxury Kitchen,SieMatic,"As well taking jobsite deliveries and supporting our clients with the kitchen installation.Provide all documentation for project installation execution.AutoCADCAD (computer-aided design) software developed by Autodesk.Full-timeAn employee will work full time.Paid Time OffPaid time off from work.+12 morePMPA certification for project managers awarded by PMI (Project Management Institute).WeekendsA work schedule that may require work on weekends.Vision InsuranceHealth insurance specifically for vision which may cover eye exams and eyewear.Dental InsuranceHealth insurance specifically for dental which may cover teeth cleanings and cavity fillings.Project Management SoftwareProject management software including cost estimation, scheduling, and organization features.Health InsuranceA type of insurance that covers the whole or part of an insured person's medical expenses.Bachelor's DegreeDegree awarded to students by universities or colleges at the completion of an undergraduate, post-high school course of study.Project ManagementSkills or experience related to project management. Project management includes planning, executing, and monitoring projects in order to meet requirements while controlling budget, scope, and timeline.Communication SkillsExperience or skill effectively exchanging and understanding information, verbally or in writing.SmartsheetProject management and collaboration software by Smartsheet Inc.Kitchen ExperienceExperience working with food in a kitchen.Financial PlanningExperience evaluating the financial state of an individual or a company to predict if future cash flows and asset values are on target with financial goals. Specialty areas include cash flows, investments, taxes, insurance, retirement, or estate planning.",,172,
Project Manager,BSA Construction & Development,"Seeking Project Manager with a minimum of 5 years experience.Applicant should present a professional attitude both on and offsite.Full-timeAn employee will work full time.Paid Time OffPaid time off from work.Driver's LicenseA license to drive a motor vehicle, awarded upon passing a driver's exam and meeting other state requirements for training.+3 moreConstruction ExperienceSkill or experience performing duties related to the construction or renovation of buildings, utilities, roads, or other civil, commercial, or residential infrastructure.Reliable TransportationHave consistent access to a form of transportation that can transport the employee to and from work locations or territories.Project ManagementSkills or experience related to project management. Project management includes planning, executing, and monitoring projects in order to meet requirements while controlling budget, scope, and timeline.",,173,
Estimator/Project Manager,WaypointKLA Inc.,"ESTIMATOR for Owner's Project Management Company*.Primary role is as an Estimator/Cost/Plan Reviewer supporting the Company in providing quality control of…Full-timeAn employee will work full time.TravelA job that requires travel.Construction EstimatingSkill or experience reviewing project plans and specifications to estimate cost and time of a construction project to aid in the bidding process. Individuals may specialize in a particular building material, such as concrete, drywall, or glass, or in a project type, such as highway, residential, or commercial.+2 moreBachelor's DegreeDegree awarded to students by universities or colleges at the completion of an undergraduate, post-high school course of study.Auto EstimatingSkill or experience estimating the cost of automotive repairs. Automotive Estimating typically takes place in the context of an automotive repair shop, but estimators can also be employed by insurance companies during the claims process.","$100,000 - $140,000 a year",174,
Construction Project Manager 5 + yrs exp req,"Bilt-Rite Construction, Inc.","Well established Boston area GC seeks Project Manager for multi-unit restorations, commercial and new construction in the $10M to $35M range.Full-timeAn employee will work full time.Computer LiteracyBasic skill or experience in general computer use such as using a computer’s operating system, using software and hardware, typing, sending and receiving email, and searching the Internet.Construction ExperienceSkill or experience performing duties related to the construction or renovation of buildings, utilities, roads, or other civil, commercial, or residential infrastructure.+7 moreHealth InsuranceA type of insurance that covers the whole or part of an insured person's medical expenses.PrologConstruction project management software.Computer SkillsKnowledge of or experience with computers.Project ManagementSkills or experience related to project management. Project management includes planning, executing, and monitoring projects in order to meet requirements while controlling budget, scope, and timeline.Microsoft OfficeSuite of software including Powerpoint, Word, Excel, and Outlook.Communication SkillsExperience or skill effectively exchanging and understanding information, verbally or in writing.Microsoft ProjectProject management software.",,175,
Associate Project Director,Housing Opportunities Unlimited,SUPERVISES: Relocation Coordinators/Relocation Specialists/Moving Associates/Other Employees as Assigned.OVERVIEW: The Associate Project Director (APD) is a…,,176,2.8
Project Director,Chew Innovation,"Advanced knowledge of product development and consumer research trends and insights within the food industry.Baked Goods - Biscuits, Bars, Cookies & Crackers.",,177,
New Initiatives Program Manager,"Sonos, Inc",You look forward to collaborating with a diverse team of individuals.You prioritize long-term value over short-term objectives.,,178,3.9
Telecomm Program Manager - 200018,Bridgewater Consulting Group,"This senior team member’s role encompasses a wide range of responsibilities including project governance, financial tracking and analysis, partner contracting…",$54 an hour,179,
CAD Design Engineer / Assistant to Project Managers,Viscom Systems,About Viscom Systems: *Viscom Systems Incorporated is a consulting design and implementation firm founded in response to the growing requirements for…,$21 - $23 an hour,180,
Translation Project Manager,SAI Global Inc,"SAI Global provides organizations around the world with information services and solutions for managing risk, achieving compliance and driving business…",,181,3.4
Construction Project Manager 5 + yrs exp req,"Bilt-Rite Construction, Inc.","Well established Boston area GC seeks Project Manager for multi-unit restorations, commercial and new construction in the $10M to $35M range.",,182,
Project Manager,Shift Technology,"As part of the project management team, you will be the cornerstone of client relationships.Manage the overall delivery of the solution by linking the Shift…",,183,
IoT Sales Enablement Project Manager,PTC,"The IoT Sales Enablement Project Manager supports cross-functional Sales and Field teams as well as our Partner organizations, and is responsible for…",,184,3.7
Senior Project Manager (Contract),Broadridge,We are looking for a Project Manager that is responsible for exceedingly well-managed implementation of the best technology enabled marketing solutions.,,185,3.6
"Director, Regulatory Project Management",EPM Scientific,A clinical-stage biotech company just outside of Boston is looking to bring on a Director of Regulatory Project Management to their team.,,186,
Project Director,Housing Opportunities Unlimited,DEPARTMENT: Administration and Senior Leadership Team.REPORTS TO: Director of Operations.SUPERVISES: Assistant Project Directors/Relocation Coordinators/Other…,,187,2.8
Senior Project Manager/ Tech Support,"LSA Security, Inc.","Research prospective accounts, identify key players, and generate interest with a positive attitude at all times.Senior Project Manager/ Tech Support *.","$50,000 - $60,000 a year",188,
Administrative Project Manager,CBT/Childs Bertman Tseckares Inc.,Urban Design Team General Tasks.Work directly with Principal(s) to help manage the both day to day and strategic operations of urban design group on projects…,,189,
Sr Project Manager,Validity,"Validity is seeking a Sr Project Manager, reporting to the Head of Project and Integration Management in our Boston office, this role will provide enterprise…",,190,
Scrum Master,Pegasystems,"You will partner closely with Product Development, Product Management, and Release Management and overall act as a galvanizing force within the wider Pega scrum…",,191,3.6
Sr. Project Lead,Harvard University,Works independently and collaboratively to provide administrative leadership over the development of high-quality courses / learning experiences in alignment…,,192,4.3
Senior Project Manager - Organization Development,Partners HealthCare(PHS),"Research best practices for talent management, leadership/management development and career development programs.Resolves or escalates as necessary.",,193,3.9
Junior Software Project Manager,heRo3 / PAI,"The PAI Junior Project Manager is responsible for planning, leading, organizing, and motivating PAI project teams to achieve a high level of performance and…",,194,
HarvardX Project Lead,Harvard University,"Works independently and collaboratively to lead the development of high-quality courses / learning experiences in alignment with HarvardX pedagogical,…",,195,4.3
Project Manager,Janeiro Digital,We are looking for a Project Manager for our growing business who will be integral in working with both clients and internal development teams.,,196,5.0
"Project Manager, Clinical Operations",Dana-Farber Cancer Institute,"The Project Manager position will provide strategic planning, implementation and operational support for the opening of DFCI’s Chestnut Hill site, reporting to…",,197,4.1
Project Engineer,Xquisite Landscaping,"We are seeking a local Project Engineer for our growing Landscape Development Company to work closely with Project Managers, General Contractors, Architects,…",,198,
Demolition Project Manager,JDC DEMOLITION COMPANY,"We are currently seeking a demolition project manager.This person must have a minimum of eight years, demonstrated experience in the demolition industry, be…",,199,
"Project Manager, Quality Improvement Projects",Cambridge Health Alliance,The Project Manager for the Department of Quality and Patient Safety will provide project coordination and support for quality improvement projects across…,,200,3.9
Design Producer / Project Manager,"PillPack, LLC","2+ years of experience as a Producer, Design / Marketing PM or a similar role working in relevant design industry, digital agency, or tech/product company.",,201,3.6
"Program Manager, Sexual & Reproductive Health",Cambridge Health Alliance,Implement the Sexual and Reproductive Health counseling and education programs grant compliance activities.Coordinate training for all new and existing program…,,202,3.9
Project Manager,LifeMine,We are looking for a highly organized and experienced project manager to work with research and development leadership and with cross-functional project teams…,,203,
Project Manager - D3364,Source of Future Technology Inc,"SOFT's client located in Waltham, MA is looking for a Project Manager for a long term contract assignment.Lead a specific portfolio of projects and/or project…",,204,
Junior Project Manager,Jack Henry,Are you an eager project manager with digital banking experience?Are you someone who loves technical implementations and wants to continue to grow their skills…,,205,3.5
Project Manager,BSA Construction & Development,"Seeking Project Manager with a minimum of 5 years experience.Applicant should present a professional attitude both on and offsite.Full-timeAn employee will work full time.Paid Time OffPaid time off from work.Driver's LicenseA license to drive a motor vehicle, awarded upon passing a driver's exam and meeting other state requirements for training.Construction ExperienceSkill or experience performing duties related to the construction or renovation of buildings, utilities, roads, or other civil, commercial, or residential infrastructure.Reliable TransportationHave consistent access to a form of transportation that can transport the employee to and from work locations or territories.Project ManagementSkills or experience related to project management. Project management includes planning, executing, and monitoring projects in order to meet requirements while controlling budget, scope, and timeline.",,206,
Demolition Project Manager,JDC DEMOLITION COMPANY,"We are currently seeking a demolition project manager.This person must have a minimum of eight years, demonstrated experience in the demolition industry, be…Organizational SkillsAbility to organize workload, processes, or physical objects and spaces.EmailPotential candidates may apply by email.401(k) MatchingAn employer-sponsored retirement savings plan, with pre-tax or tax-deferred benefits, where employers match employee contributions.401(k)A retirement savings plan sponsored by an employer which allows employees to invest tax-deferred, pre-tax or post-tax contributions. Employers may offer matching or non-elective contributions on behalf of employees as an additional benefit. Health InsuranceA type of insurance that covers the whole or part of an insured person's medical expenses.",,207,
Junior Software Project Manager,heRo3 / PAI,"The PAI Junior Project Manager is responsible for planning, leading, organizing, and motivating PAI project teams to achieve a high level of performance and…ScrumKnowledge of or experience with the scrum software development process, which is a type of agile methodology.MentoringExperience providing guidance and support to less experiences practitioners.AgileKnowledge of or experience managing projects in incremental iterations to continually maximize flexibility and efficiency of a process.Monday to FridayA work schedule that covers Monday through Friday.Vision InsuranceHealth insurance specifically for vision which may cover eye exams and eyewear.SDLCExperience with software development methodologies and models designed to alter or develop software products.+11 moreDental InsuranceHealth insurance specifically for dental which may cover teeth cleanings and cavity fillings.Flexible ScheduleWork schedule that allows employees to vary their arrival and departure times.Paid Time OffPaid time off from work.Application DevelopmentExperience or skill in developing computer or mobile device applications.Full-timeAn employee will work full time.Health InsuranceA type of insurance that covers the whole or part of an insured person's medical expenses.Bachelor's DegreeDegree awarded to students by universities or colleges at the completion of an undergraduate, post-high school course of study.Project ManagementSkills or experience related to project management. Project management includes planning, executing, and monitoring projects in order to meet requirements while controlling budget, scope, and timeline.Organizational SkillsAbility to organize workload, processes, or physical objects and spaces.WireframingExperience or skill wireframing or creating wireframes. A wireframe is a page layout of a website’s interface.Frame CarpentrySkill or experience constructing or installing the structural supports used in residential or commercial buildings including posts, beams, studs, or lintels.",,208,
Project Manager,Corderman & Company,"Corderman & Company is seeking a self-motivated Project Manager with a minimum of 5-8 years of experience in all phases of construction management.ProCoreConstruction project management software.LEED CertificationA certification awarded by USGBC (United States Green Building Council) upon passing an exam regarding the building and development sustainability specifications outlined by USGBC.Administrative ExperienceExperience in office organization or non-specialized business operations.Disability FriendlyIndividuals with disabilities are encouraged to apply.Construction ExperienceSkill or experience performing duties related to the construction or renovation of buildings, utilities, roads, or other civil, commercial, or residential infrastructure.ExcelSpreadsheet software developed by Microsoft.+7 moreConstruction EstimatingSkill or experience reviewing project plans and specifications to estimate cost and time of a construction project to aid in the bidding process. Individuals may specialize in a particular building material, such as concrete, drywall, or glass, or in a project type, such as highway, residential, or commercial.NegotiationSkill or experience with negotiation, typically in a business, financial, or legal context.Microsoft WordWord processing software.Auto EstimatingSkill or experience estimating the cost of automotive repairs. Automotive Estimating typically takes place in the context of an automotive repair shop, but estimators can also be employed by insurance companies during the claims process.Microsoft OfficeSuite of software including Powerpoint, Word, Excel, and Outlook.Microsoft ProjectProject management software.EmailPotential candidates may apply by email.",,209,
"Project Manager, Clinical Operations",Dana-Farber Cancer Institute,"The Project Manager position will provide strategic planning, implementation and operational support for the opening of DFCI’s Chestnut Hill site, reporting to…Time ManagementExperience or skill managing time in order to complete tasks quickly and efficiently. Project ManagementSkills or experience related to project management. Project management includes planning, executing, and monitoring projects in order to meet requirements while controlling budget, scope, and timeline.Disability FriendlyIndividuals with disabilities are encouraged to apply.VisioVector graphics creation software for flowcharts and diagrams.Microsoft WordWord processing software.Communication SkillsExperience or skill effectively exchanging and understanding information, verbally or in writing.+5 moreBachelor's DegreeDegree awarded to students by universities or colleges at the completion of an undergraduate, post-high school course of study.Public Health DegreePostsecondary degree in public health.Process ImprovementExperience with and knowledge of methods to improve business processes to increase efficiency and quality of outcomes. Master's DegreeDegree awarded to students by universities or colleges at the completion of a post-bachelor's degree course of study. A Master's Degree is considered more advanced than a bachelor's degree. May be awarded as part of a PhD.Microsoft PowerpointPresentation software.",,210,4.1
Translation Project Manager,SAI Global Inc,"SAI Global provides organizations around the world with information services and solutions for managing risk, achieving compliance and driving business…Communication SkillsExperience or skill effectively exchanging and understanding information, verbally or in writing.Bachelor's DegreeDegree awarded to students by universities or colleges at the completion of an undergraduate, post-high school course of study.HTML5Hypertext Markup Language (HTML) is the standard language for building web pages and applications. HTML5 is the fifth version.Project ManagementSkills or experience related to project management. Project management includes planning, executing, and monitoring projects in order to meet requirements while controlling budget, scope, and timeline.Analysis SkillsSkill at using mental reasoning or research to gain insight into or solve problems.",,211,3.4
Senior Legal Project Management Specialist,Ropes & Gray,"The senior LPM specialist is responsible for driving Legal Project Management (LPM) within a particular practice group at Ropes & Gray under the leadership of a…Project ManagementSkills or experience related to project management. Project management includes planning, executing, and monitoring projects in order to meet requirements while controlling budget, scope, and timeline.Bachelor's DegreeDegree awarded to students by universities or colleges at the completion of an undergraduate, post-high school course of study.OfficeA job that is performed in an office environment.Writing SkillsSkills, knowledge, and experience with creating written content through any medium.Communication SkillsExperience or skill effectively exchanging and understanding information, verbally or in writing.ExcelSpreadsheet software developed by Microsoft.",,212,3.7
Project Superintendent,Avison Young,"Avison Young - Project Management (USA), LLC is looking for a project superintendent.The project superintendent plans, coordinates, and supervises field…",,213,3.7
Digital Marketing - Content Digital Project Manager,Accenture,"The Content Digital Project Manager will coordinate between client, offshore production teams and all third parties to manage digital project production from…Digital MarketingExperience with product, service, or brand marketing through electronic media, such as email, social media, SEO (search engine optimization), and content marketing.Paid Time OffPaid time off from work.Bachelor's DegreeDegree awarded to students by universities or colleges at the completion of an undergraduate, post-high school course of study.Disability FriendlyIndividuals with disabilities are encouraged to apply.Health InsuranceA type of insurance that covers the whole or part of an insured person's medical expenses.Project ManagementSkills or experience related to project management. Project management includes planning, executing, and monitoring projects in order to meet requirements while controlling budget, scope, and timeline.+4 more401(k)A retirement savings plan sponsored by an employer which allows employees to invest tax-deferred, pre-tax or post-tax contributions. Employers may offer matching or non-elective contributions on behalf of employees as an additional benefit. 401(k) MatchingAn employer-sponsored retirement savings plan, with pre-tax or tax-deferred benefits, where employers match employee contributions.Customer Relationship ManagementSkill or experience in the strategies used to manage a company’s relationship with current and prospective customers.Military EncouragedIndividuals with military experience are encouraged to apply.",,214,4.0
Project Manager,Janeiro Digital,"We are looking for a Project Manager for our growing business who will be integral in working with both clients and internal development teams.Vision InsuranceHealth insurance specifically for vision which may cover eye exams and eyewear.Dental InsuranceHealth insurance specifically for dental which may cover teeth cleanings and cavity fillings.Management ExperienceExperience managing personnel in a professional setting.401(k)A retirement savings plan sponsored by an employer which allows employees to invest tax-deferred, pre-tax or post-tax contributions. Employers may offer matching or non-elective contributions on behalf of employees as an additional benefit. Health InsuranceA type of insurance that covers the whole or part of an insured person's medical expenses.NegotiationSkill or experience with negotiation, typically in a business, financial, or legal context.+1 moreWork From HomeA policy which allows employees to work from home.",,215,5.0
"Associate Project Manager - Boston, MA",Integrated Project Management,"Research appropriate technologies and apply technical knowledge to ensure effective delivery of project requirements.Paid vacation, holiday and sick time.Performance BonusA monetary bonus compensating an employee beyond normal wages, given during a performance review or for meeting certain goals.VisioVector graphics creation software for flowcharts and diagrams.Dental InsuranceHealth insurance specifically for dental which may cover teeth cleanings and cavity fillings.Paid Time OffPaid time off from work.401(k) MatchingAn employer-sponsored retirement savings plan, with pre-tax or tax-deferred benefits, where employers match employee contributions.EnglishProficiency in the English language.+10 moreFull-timeAn employee will work full time.Yearly BonusA monetary bonus compensating an employee beyond normal wages given once during the work year.Health InsuranceA type of insurance that covers the whole or part of an insured person's medical expenses.401(k)A retirement savings plan sponsored by an employer which allows employees to invest tax-deferred, pre-tax or post-tax contributions. Employers may offer matching or non-elective contributions on behalf of employees as an additional benefit. Bachelor's DegreeDegree awarded to students by universities or colleges at the completion of an undergraduate, post-high school course of study.Analysis SkillsSkill at using mental reasoning or research to gain insight into or solve problems.Communication SkillsExperience or skill effectively exchanging and understanding information, verbally or in writing.Microsoft PowerpointPresentation software.ExcelSpreadsheet software developed by Microsoft.Life InsuranceA type of insurance that guarantees a sum of money upon the death of an insured person.",,216,4.1
Green Building Project Manager,"New Ecology, Inc.","New Ecology, Inc. is seeking candidates for the position of Project Manager in its Boston office.The Project Manager works with property owners and real estate…Retirement PlanA retirement savings plan sponsored by an employer which allows employees to invest a portion of their paycheck before taxes are taken out.HVACExperience with the design, installation, maintenance, or repair of HVAC (heating, ventilation, and air conditioning) systems. Professional Development AssistanceCoverage for professional development such as training, certifications, and education to support an employee's career goals.Full-timeAn employee will work full time.LEED CertificationA certification awarded by USGBC (United States Green Building Council) upon passing an exam regarding the building and development sustainability specifications outlined by USGBC.Paid Time OffPaid time off from work.+3 moreDental InsuranceHealth insurance specifically for dental which may cover teeth cleanings and cavity fillings.Construction ManagementExperience related to planning and managing construction projects and processes such as scheduling, budgeting, or ensuring compliance.Health InsuranceA type of insurance that covers the whole or part of an insured person's medical expenses.",,217,
Project Manager,Designer Advantage,"We are currently seeking professionals for project management and expediting, which entails managing all components in the process of ordering goods for clients…Full-timeAn employee will work full time.Health InsuranceA type of insurance that covers the whole or part of an insured person's medical expenses.Management ExperienceExperience managing personnel in a professional setting.401(k)A retirement savings plan sponsored by an employer which allows employees to invest tax-deferred, pre-tax or post-tax contributions. Employers may offer matching or non-elective contributions on behalf of employees as an additional benefit. Project ManagementSkills or experience related to project management. Project management includes planning, executing, and monitoring projects in order to meet requirements while controlling budget, scope, and timeline.Bachelor's DegreeDegree awarded to students by universities or colleges at the completion of an undergraduate, post-high school course of study.","$45,000 - $50,000 a year",218,
Creative Project Manager,Gupta Media,"Experience managing and trafficking interactive, digital, print, OOH, and UX projects.Must have a Bachelor's degree and 3+ years of experience in a project…Account ManagementSkill or experience managing business relationships and sales for organisations.Project Management SoftwareProject management software including cost estimation, scheduling, and organization features.Full-timeAn employee will work full time.Project ManagementSkills or experience related to project management. Project management includes planning, executing, and monitoring projects in order to meet requirements while controlling budget, scope, and timeline.Bachelor's DegreeDegree awarded to students by universities or colleges at the completion of an undergraduate, post-high school course of study.Microsoft OfficeSuite of software including Powerpoint, Word, Excel, and Outlook.",,219,
Construction Project Manager 5 + yrs exp req,"Bilt-Rite Construction, Inc.","Well established Boston area GC seeks Project Manager for multi-unit restorations, commercial and new construction in the $10M to $35M range.Full-timeAn employee will work full time.Computer LiteracyBasic skill or experience in general computer use such as using a computer’s operating system, using software and hardware, typing, sending and receiving email, and searching the Internet.Construction ExperienceSkill or experience performing duties related to the construction or renovation of buildings, utilities, roads, or other civil, commercial, or residential infrastructure.Health InsuranceA type of insurance that covers the whole or part of an insured person's medical expenses.PrologConstruction project management software.Computer SkillsKnowledge of or experience with computers.+4 moreProject ManagementSkills or experience related to project management. Project management includes planning, executing, and monitoring projects in order to meet requirements while controlling budget, scope, and timeline.Microsoft OfficeSuite of software including Powerpoint, Word, Excel, and Outlook.Communication SkillsExperience or skill effectively exchanging and understanding information, verbally or in writing.Microsoft ProjectProject management software.",,220,
Project Manager - Luxury Kitchen,SieMatic,"As well taking jobsite deliveries and supporting our clients with the kitchen installation.Provide all documentation for project installation execution.AutoCADCAD (computer-aided design) software developed by Autodesk.Full-timeAn employee will work full time.Paid Time OffPaid time off from work.PMPA certification for project managers awarded by PMI (Project Management Institute).WeekendsA work schedule that may require work on weekends.Vision InsuranceHealth insurance specifically for vision which may cover eye exams and eyewear.+9 moreDental InsuranceHealth insurance specifically for dental which may cover teeth cleanings and cavity fillings.Project Management SoftwareProject management software including cost estimation, scheduling, and organization features.Health InsuranceA type of insurance that covers the whole or part of an insured person's medical expenses.Bachelor's DegreeDegree awarded to students by universities or colleges at the completion of an undergraduate, post-high school course of study.Project ManagementSkills or experience related to project management. Project management includes planning, executing, and monitoring projects in order to meet requirements while controlling budget, scope, and timeline.Communication SkillsExperience or skill effectively exchanging and understanding information, verbally or in writing.SmartsheetProject management and collaboration software by Smartsheet Inc.Kitchen ExperienceExperience working with food in a kitchen.Financial PlanningExperience evaluating the financial state of an individual or a company to predict if future cash flows and asset values are on target with financial goals. Specialty areas include cash flows, investments, taxes, insurance, retirement, or estate planning.",,221,
Estimator/Project Manager,WaypointKLA Inc.,"ESTIMATOR for Owner's Project Management Company*.Primary role is as an Estimator/Cost/Plan Reviewer supporting the Company in providing quality control of…Full-timeAn employee will work full time.TravelA job that requires travel.Construction EstimatingSkill or experience reviewing project plans and specifications to estimate cost and time of a construction project to aid in the bidding process. Individuals may specialize in a particular building material, such as concrete, drywall, or glass, or in a project type, such as highway, residential, or commercial.Bachelor's DegreeDegree awarded to students by universities or colleges at the completion of an undergraduate, post-high school course of study.Auto EstimatingSkill or experience estimating the cost of automotive repairs. Automotive Estimating typically takes place in the context of an automotive repair shop, but estimators can also be employed by insurance companies during the claims process.","$100,000 - $140,000 a year",222,
Project Manager,New England Design + Construction,"New England Design & Construction is looking for an experienced Construction Project Manager to join our growing team.Salary: $55,000.00 to $65,000.00 /year.Monday to FridayA work schedule that covers Monday through Friday.Full-timeAn employee will work full time.Paid Time OffPaid time off from work.PMPA certification for project managers awarded by PMI (Project Management Institute).Driver's LicenseA license to drive a motor vehicle, awarded upon passing a driver's exam and meeting other state requirements for training.Construction ExperienceSkill or experience performing duties related to the construction or renovation of buildings, utilities, roads, or other civil, commercial, or residential infrastructure.+10 moreOrganizational SkillsAbility to organize workload, processes, or physical objects and spaces.Health InsuranceA type of insurance that covers the whole or part of an insured person's medical expenses.ExcelSpreadsheet software developed by Microsoft.Bachelor's DegreeDegree awarded to students by universities or colleges at the completion of an undergraduate, post-high school course of study.Project ManagementSkills or experience related to project management. Project management includes planning, executing, and monitoring projects in order to meet requirements while controlling budget, scope, and timeline.Microsoft WordWord processing software.Clean Driving RecordNumber of accidents or moving violations on driving record should not exceed employer's standards.Communication SkillsExperience or skill effectively exchanging and understanding information, verbally or in writing.Microsoft ProjectProject management software.Yearly BonusA monetary bonus compensating an employee beyond normal wages given once during the work year.","$55,000 - $65,000 a year",223,
Project Manager,Cumming Corporation,Assist in the development and management of the project strategic plans and program initiatives to meet the goals and needs of the Owner.,,224,3.7
Project Manager - D3364,Source of Future Technology Inc,Lead a specific portfolio of projects and/or project team within one area by securing and managing project resources to ensure that projects are completed to…,,225,
Associate Project Manager,ABB,"Manage a varied staff that will include employees, customers, partner companies, or subcontractors.Across multiple energy-intensive industries, the business…",,226,4.0
Associate Project Manager,JLL,Assist project team on projects and assignments.Proactively manage project-related issues on account or assignment.May manage minor renovation projects.,,227,3.8
Assistant Project Manager - New England,Shawmut,"As we plan for our 2020 staffing needs, we expect we will have opportunities for Assistant Project Managers to support Project Managers in building and…",,228,3.7
Project Manager,Mavens,"You are precise and focused, but you also make work fun; all while working collaboratively and giving your customer a great experience.",,229,
Program Manager,MIT,"PROGRAM MANAGER, Schwarzman College of Computing (SCC), to report to and serve as a principal aide to the deputy dean of academics and dean for the Schwarzman…",,230,4.2
IT Project Manager,Massachusetts Port Authority,"Ensures that information technology projects are scoped, designed and delivered on schedule and within budget, resulting in a quality product that meets…",,231,3.7
IT Project Manager,Pricesenz,Opportunity Specific requirements: Experienced project manager able to plan and manage an enterprise-class project from conceptual design through implementation…,$75 - $80 an hour,232,
,"Bilt-Rite Construction, Inc.","Excellent communication, organizational and computer skills are a must for the Construction Project Manager.Employer offers great benefits package.*.",,233,
Green Building Project Manager,"New Ecology, Inc.",New Ecology offers competitive salaries with excellent benefits in a collaborative and supportive work environment.Writing reports and case studies; and.,,234,
Project Manager,New England Design + Construction,This position is responsible for overseeing 2-4 high-end residential remodeling projects and will be managing subcontractors as well as a team carpenter.*.,"$55,000 - $65,000 a year",235,
Project Manager-Summer Intern Associate Development Program...,FIS Global,"Position Type Full time - Temporary.Type of Hire d. Associate Development Program (Internship).Education Desired High School Diploma.What you will be doing.TemporaryAn employee will work for an employer for a limited time.Pass Drug ScreeningA drug screen should show no presence of illegal substances.Disability FriendlyIndividuals with disabilities are encouraged to apply.TravelA job that requires travel.Full-timeAn employee will work full time.High School Diploma or GEDDegree granted at the completion of academic schooling typically covering grades 9-12, or a degree granted at the completion of testing certifying academic attainment equivalent to a high school education.+2 moreCommunication SkillsExperience or skill effectively exchanging and understanding information, verbally or in writing.Microsoft OfficeSuite of software including Powerpoint, Word, Excel, and Outlook.",,236,3.5
IT Project Manager,ARK Solutions Inc.,"Under limited supervision, manages projects life cycle project definition & approval to imple & eval all project deliverables.Salary: $50.00 to $52.00 /hour.Day ShiftA shift that starts in or primarily occurs during the day.SQLProgramming language used for interacting with data held in a relational database.Application DevelopmentExperience or skill in developing computer or mobile device applications.OracleDatabase used for online transaction processing and data warehousing developed by Oracle Corporation.Full-timeAn employee will work full time.Microsoft OfficeSuite of software including Powerpoint, Word, Excel, and Outlook.+10 moreWaterfallSkill or experience in the project management methodology used to organize workflow through a series of distinct phases.PMPA certification for project managers awarded by PMI (Project Management Institute).WeekendsA work schedule that may require work on weekends.Project Management MethodologyFamiliarity with one or more project management methodologies like Lean, Agile, Six Sigma, or Kanban.Project ManagementSkills or experience related to project management. Project management includes planning, executing, and monitoring projects in order to meet requirements while controlling budget, scope, and timeline.TemporaryAn employee will work for an employer for a limited time.8 Hour ShiftAn eight-hour shift.Primavera P6Version P6 of Oracle's project and product portfolio control, collaboration, and analysis management software. PL/SQLA procedural language extension to Oracle's Structured Query Language (SQL).PrimaveraP3 and SureTrak versions of Oracle's project and product portfolio control, collaboration, and analysis management software.",$50 - $52 an hour,237,4.3
Project Engineer,Xquisite Landscaping,"We are seeking a local Project Engineer for our growing Landscape Development Company to work closely with Project Managers, General Contractors, Architects,…Retirement PlanA retirement savings plan sponsored by an employer which allows employees to invest a portion of their paycheck before taxes are taken out.Monday to FridayA work schedule that covers Monday through Friday.Full-timeAn employee will work full time.Paid Time OffPaid time off from work.Vision InsuranceHealth insurance specifically for vision which may cover eye exams and eyewear.Dental InsuranceHealth insurance specifically for dental which may cover teeth cleanings and cavity fillings.+9 moreEngineering DegreePostsecondary degree in engineering. Architecture DegreePostsecondary degree in architecture.Health InsuranceA type of insurance that covers the whole or part of an insured person's medical expenses.Construction Management DegreePostsecondary degree in construction management.Bachelor's DegreeDegree awarded to students by universities or colleges at the completion of an undergraduate, post-high school course of study.Microsoft WordWord processing software.Microsoft OfficeSuite of software including Powerpoint, Word, Excel, and Outlook.Associate's DegreeDegree awarded to students by universities or colleges at the completion of an undergraduate, post-high school course of study. An Associate's Degree is considered more advanced than a High School Diploma or GED, but not as advanced as a Bachelor's Degree. Typically requires 2 years of study, and often has a technical focus.  Communication SkillsExperience or skill effectively exchanging and understanding information, verbally or in writing.",,238,
Associate Project Manager,JLL,"Assist project team on projects and assignments.Proactively manage project-related issues on account or assignment.May manage minor renovation projects.Project CoordinationSkills or experience related to project coordination. Project coordination generally focuses more on day-to-day tasks and less on high-level planning, scheduling, or budgeting.Construction Management DegreePostsecondary degree in construction management.Bachelor's DegreeDegree awarded to students by universities or colleges at the completion of an undergraduate, post-high school course of study.Microsoft OfficeSuite of software including Powerpoint, Word, Excel, and Outlook.Microsoft ProjectProject management software.Accounting DegreePostsecondary degree in accounting.",,239,3.8
Program Manager,MIT,"PROGRAM MANAGER, Schwarzman College of Computing (SCC), to report to and serve as a principal aide to the deputy dean of academics and dean for the Schwarzman…SAPA suite of software programs and applications developed by SAP SE.TravelA job that requires travel.Bachelor's DegreeDegree awarded to students by universities or colleges at the completion of an undergraduate, post-high school course of study.Communication SkillsExperience or skill effectively exchanging and understanding information, verbally or in writing.Microsoft PowerpointPresentation software.",,240,4.2
"Senior Analyst, Project/Program Management",Dell,"Bedford, MA (Preferred) or Overland Park, KS.Project and Program Management within Business Support ensure projects run seamlessly, from start to finish.Disability FriendlyIndividuals with disabilities are encouraged to apply.Project ManagementSkills or experience related to project management. Project management includes planning, executing, and monitoring projects in order to meet requirements while controlling budget, scope, and timeline.Project / Program ManagementSkills or experience with project management and/or program management.Project Management DegreePostsecondary degree in project management.Bachelor's DegreeDegree awarded to students by universities or colleges at the completion of an undergraduate, post-high school course of study.",,241,4.0
IoT Sales Enablement Project Manager,PTC,"The IoT Sales Enablement Project Manager supports cross-functional Sales and Field teams as well as our Partner organizations, and is responsible for…Bachelor's DegreeDegree awarded to students by universities or colleges at the completion of an undergraduate, post-high school course of study.Sales ExperienceSkill or experience with sales.Business RequirementsExperience or skill with documenting or interpreting the purpose and objectives of a proposed product.Internet Of ThingsKnowledge of or experience with the connection, interaction, and exchange of data via the internet among a network of devices.Project / Program ManagementSkills or experience with project management and/or program management.Training & DevelopmentKnowledge of or experience with employee development and training to help increase productivity and performance.",,242,3.7
Project Manager,Mavens,"As we are primarily a remote organization, we are open to candidates located anywhere in the US.Who we are: Mavens works to elevate healthcare worldwide.SalesforceA suite of customer relationship management software and applications developed by Salesforce.Meeting FacilitationExperience organizing and facilitating meetings, including creating agendas, guiding discussions, and reviewing outcomes.Project ManagementSkills or experience related to project management. Project management includes planning, executing, and monitoring projects in order to meet requirements while controlling budget, scope, and timeline.Bachelor's DegreeDegree awarded to students by universities or colleges at the completion of an undergraduate, post-high school course of study.Analysis SkillsSkill at using mental reasoning or research to gain insight into or solve problems.CRM SoftwareCRM (customer relationship management) software is used by companies to manage relationships with current and potential customers.",,243,
Office of Diversity and Inclusion Program Manager,Federal Reserve Bank of Boston,"Conducts external/market D&I research and analytical support.Office of Diversity and Inclusion Program Manager-260535.Federal Reserve Bank of Boston.TravelA job that requires travel.Day ShiftA shift that starts in or primarily occurs during the day.Criminal Background CheckBackground check should meet employer's standards for lack of past criminal history.Disability FriendlyIndividuals with disabilities are encouraged to apply.Part-timeAn employee will work less than full time.Pre-Employment Physical ExaminationPhysical examination ensuring physical ability to perform job responsibilities, such as driving a commercial vehicle.+7 moreAnalysis SkillsSkill at using mental reasoning or research to gain insight into or solve problems.Communication SkillsExperience or skill effectively exchanging and understanding information, verbally or in writing.Bachelor's DegreeDegree awarded to students by universities or colleges at the completion of an undergraduate, post-high school course of study.Fingerprint ClearanceFingerprint identify verification. This varies by state.Pass Drug ScreeningA drug screen should show no presence of illegal substances.Full-timeAn employee will work full time.Program ManagementExperience with program management. Program management may include planning or managing multiple related projects or initiatives, or improving organizational efficiency and outcomes.",,244,4.0
