First Name,Last Name,Email Address,Company,Position,Connected On
Vijay Anthony,Richard,,Amazon,"Program Manager, Delivery Strategy",22 Jan 2020
Adithya Chowdary,Eluri,adithya.e@fluxteksol.com,Fluxtek Solutions Inc,SR OPT Recruiter,30 Dec 2019
Naveen,Upputuri,,Fluxtek Solutions Inc,Sr. Resource Specialist,30 Dec 2019
Punith,Giridhar,,ARRIS,Supply Planning Analyst,08 Dec 2019
HEM BHUPAAL ,REDDY M,hembhupaal24@gmail.com,Himalaya Clothing Co,Business Strategy Insights Intern,06 Dec 2019
Adithya,Prasad,,Residential Security Office at Northeastern University,RSO Supervisor ,05 Dec 2019
Abhishek Manoj,Kumar,,Lumbermantech Furnitures Pvt. Ltd.,Operations Analyst,03 Dec 2019
Sunil,Elangovan,,LI2-TECHNOLOGIES PRIVATE LIMITED,Embedded System Engineer - Intern,03 Dec 2019
Martin,Laskowski,,AMPL Optimization Inc.,Sales and Marketing,02 Dec 2019
Sabhariram,A,,Godwell Engineering Products - India,Junior Manufacturing Engineer,29 Nov 2019
Akshay,Biradar,,Northeastern University College of Engineering,Graduate Student Ambassador,19 Nov 2019
Praneeth Reddy,Devireddy,,,,06 Nov 2019
Rohit,Bokade,,Northeastern University,Research Assistant,30 Oct 2019
Abhishek,Suresh,,Accenture in India,Software Engineer,12 Oct 2019
Praudeep,N B,,Ericsson India,Network Engineer,12 Oct 2019
Sergio,Pasquini,,New International High Tech,Owner / Managing Director,29 Aug 2019
Hitesh,Shamdasani,,PwC,Principal Consultant/Manager - Consulting,29 Aug 2019
Raj,Krishna,,Deloitte India (Offices of the US),Lead - Talent Engagement,29 Aug 2019
Adarsh,Kummur,,CommScope,Senior Software Engineer,29 Aug 2019
Preethi,Adiga,,PricewaterhouseCoopers - Service Delivery Center (PwC SDC),Director,29 Aug 2019
Avinash,Paraselli,,PricewaterhouseCoopers - Service Delivery Center (PwC SDC),Senior Analyst,29 Aug 2019
Mark,Lauria,,UBS,Director,29 Aug 2019
Shashank,Ranebennur,,Ekzen Robotics,Co-Founder,29 Aug 2019
Harprakash Singh,Nirmale,,UBS,IB-KYC Specialist,29 Aug 2019
Kishalaya,Tiwary,,Wipro Limited,Senior Executive,29 Aug 2019
Suhas,Raghavendra Kulkarni,,Valeo,R&D Mechanics Engineer,29 Aug 2019
Anupama,PK,,TechChefs Software Pvt Ltd,Talent Acquisition Specialist,29 Aug 2019
Niveditha,Bhaskar,,Swiggy,Lead - HR Campus,29 Aug 2019
Paulose Simon,Puthanangady,,Bonduelle Fresh Americas,"National Manager, Scheduling & Supply Chain West ",29 Aug 2019
Tushar,K Herle,,Amazon,Operations Manager Intern,29 Aug 2019
Nagaraj,Nayak,,Tata Consultancy Services,IT Analyst,29 Aug 2019
Sanket,Zad,,BT,Associate Software and IT,29 Aug 2019
Sashank,Shivakumar,,Paradromics Inc,Engineer (Hardware Team): Materials Science & Technology Development,29 Aug 2019
Abhigyan,Pandey,,Accenture,Senior Software Engineer,29 Aug 2019
Yashasvi Sai,Sukhavasi,,Weir Minerals,Design Engineer,29 Aug 2019
Rakesh,Manjunath,,BizBuySell,Product Analyst,29 Aug 2019
Kundan,Choubey,,Analytical Wizards,Data Scientist- Associate,29 Aug 2019
Likhith,Jagdish Gunjal,,The Salvation Army USA Western Territory,Data Analyst,29 Aug 2019
Deepankar,Mohanta,,Flipkart,"Assistant Manager, Anti-Corruption, Ethics and Compliance",29 Aug 2019
Raghavendra,Pai,,Careem,Senior Strategic Planning Specialist,29 Aug 2019
Sharath,Rayapalyam Chandrashekar,,Tata Consultancy Services,Associate System Engineer,29 Aug 2019
Rakesh ,Devarakonda,,Gea Westfalia Separator,Mechanical Engineer,29 Aug 2019
Pratheek,Patil,,Cummins Inc.,Dynamic Systems and Controls Engineer,29 Aug 2019
Sleeva,Reddy,,Deloitte India,Deputy Manager - Audit & Assurance,29 Aug 2019
Vikram Reddy,Gaddam,,Xinja,Payments Fraud,29 Aug 2019
Sagar,Mehta,,CARPA (Tinari Energy Management Inc),Mechatronics Engineer,29 Aug 2019
Praveen,Paladugu,,Cisco,"Product Engineer, Supply Chain Operations",29 Aug 2019
Srinithish,Kandagadla,,"GE Appliances, a Haier company",Machine Learning \ Software Engineer Intern,29 Aug 2019
Akshatha,Vyas,,PricewaterhouseCoopers - Service Delivery Center (PwC SDC),Senior Analyst,29 Aug 2019
Ranjan Muthanna,K K,,Mitsubishi Hitachi Power Systems,Senior Engineer,29 Aug 2019
Priyanka,Giri,,PricewaterhouseCoopers - Service Delivery Center (PwC SDC),Consultant,29 Aug 2019
Payaswini,Saikia,,New York University Abu Dhabi,Postdoctoral Associate,29 Aug 2019
Rajeev,HB,,Varshika Infra Services and Products Pvt Ltd,CEO,29 Aug 2019
Sheikh,Moheed,,Skylys Aircraft Inc.,Flight Dynamics and Controls Intern,29 Aug 2019
Haygreev,Chincholi,,,,29 Aug 2019
Keerthi Sagar,Muralidhar,,Niagara Bottling,Manufacturing Technology Engineer I,29 Aug 2019
Nithin,Kantharaj,,Siemens Healthineers,Product Engineer-2/Lead Engineer,29 Aug 2019
Shravan Sajjan,M G,,Safran,Mechanical Engineer Consultant,29 Aug 2019
Sriram,Srinivasan,,Fosroc,Demand Planner,29 Aug 2019
Michael Lorenzo ,Joseph D'Mello,,Genpact,Assistant Operations Manager,29 Aug 2019
Karan,Shetty,,Murudeshwar Ceramics Ltd,Executive Director,29 Aug 2019
Soumith,Iyer,,KPMG India,Consultant,29 Aug 2019
Prakrit,Balaraju,,UBS,Market Risk Analyst,29 Aug 2019
Priyank,Prakash,,Tata Chemicals,Assistant Manager,29 Aug 2019
Nishanth Althar,Udupa,,IAV GmbH,Powertrain Development Engineer,29 Aug 2019
Ashwin Naresh,Muslay,,Societe Generale Global Solution Centre,Senior Manager,29 Aug 2019
Sai Srikanth,Kanchinadham,,Catchpoint (Start-up),Talent Sourcer/Recruiter,29 Aug 2019
Aravind,Srinivasamurthy,,Automation Anywhere,"Senior Manager, Cognitive Automations Services ",29 Aug 2019
Ishani,Gandhi,,Hilton,Internal Audit Manager,29 Aug 2019
Morya,C R K,,PACCAR,Logistics Analyst,29 Aug 2019
Prateek Kathuria,FIA FIAI CERA,,Acko General Insurance,Actuary,29 Aug 2019
Krupa,Vaiideeshwaran,,Verizon,Associate Director - Talent Acquisition and Global Sourcing Operations,29 Aug 2019
Fidahusain,Balegar,,Sapphire Human Solutions Pvt Ltd,Executive Search Consultant,29 Aug 2019
Nilesh,Nayak,,CRISIL Global Research & Analytics,Senior Research Analyst,29 Aug 2019
VINAY,KUMAR,,,,29 Aug 2019
Mrinalini,Sharma,,GE,Data Engineer,29 Aug 2019
Nagaraj,watage,,TORM,PMS assistant ,29 Aug 2019
Sumedh,Jain Y R,,Suvarna Foods,Chief of Marketing & Operations,29 Aug 2019
Varun,Bharadwaj Ananthan,,"Institute of Fluid Mechanics, TU Braunschweig","PhD Student, Scale Resolving Simulations",29 Aug 2019
Shyam Prasad V,Atri,,Huf Group,Continuous Improvement Engineer,29 Aug 2019
Chiranth,NAGESH,,Capgemini,Product Lifecycle Management | Systems Engineer,29 Aug 2019
Chaman,Kumar,,Goldman Sachs,Associate,29 Aug 2019
shashank,murali,,Lam Research,"Mechanical Engineer, II",29 Aug 2019
Parikshit,Boregowda,,University of Cincinnati,Siemens Graduate Assistant,29 Aug 2019
Treasure Angela,Vellis,,Scotiabank,KYC Remediation  Specialist ,29 Aug 2019
Chaitra,B V,,PricewaterhouseCoopers - Service Delivery Center (PwC SDC),Analyst,29 Aug 2019
Sushma,Nadigar,,Northeastern University,Student,29 Aug 2019
Dhruvan ,Nataraj Rao,,Applied Materials,Design Engineer,29 Aug 2019
Mrutyunjaya,Handiganur,,Accenture,Application Development Analyst,29 Aug 2019
Nikhil,"Ramesh,CSCP",,Infor,Product Manager,29 Aug 2019